{"name": "initial coditions flat surface simulation", "generalized coordinates": [-2.726081219254204e-07, 0.04643098430512918, 0.31028561974272273, 1.1278418010556724e-05, 0.0003420832423076627, 1.0635257709973878e-06, -8.616668291013172e-07, -0.03024262550694818, -0.005758065869003266, -5.709104628383775e-05, 3.265561356469294, 0.028898300664215695, 0.005394878172922242, -5.2176030437833857e-05, -3.3956020055765115, -0.03024325867092858, -0.005758071788624511, -9.938940453311571e-05, 3.265631994813094, 0.02889739699263071, 0.005394409485961916, -7.510117026134576e-05, -3.395565124676108], "generalized speeds": [-9.870611526600907e-06, 0.008216946271258643, 0.5465239020907846, 5.865565978430045e-05, 0.07420836315268563, -3.504080486761103e-05, -5.4025727708083834e-05, -0.6100009176563941, 0.03328924417277654, -4.261452898218306e-05, 3.021117746882664, 0.4197147769924017, -0.09351481650726394, -0.00011996552711346261, -3.234635314102601, -0.609968653104395, 0.033050906167966014, -0.0005478367593394802, 3.021650151210891, 0.4194306593477453, -0.09343049315193247, -0.0003974111247810143, -3.2339989559252578]}